﻿{
  "questions": [
    {
      "question": "Nguyên tố nào có ký hiệu hóa học là 'O'?",
      "choices": [ "Oxygen", "Gold", "Silver", "Iron" ],
      "answer": 0
    },
    {
      "question": "Lực nào giữ các hành tinh quay quanh mặt trời?",
      "choices": [ "Lực từ", "Lực điện", "Lực hấp dẫn", "Lực ma sát" ],
      "answer": 2
    },
    {
      "question": "Nguồn năng lượng nào không phải là năng lượng tái tạo?",
      "choices": [ "Năng lượng mặt trời", "Năng lượng gió", "Năng lượng hạt nhân", "Năng lượng thủy điện" ],
      "answer": 2
    },
    {
      "question": "Đơn vị đo cường độ dòng điện là gì?",
      "choices": [ "Volt", "Ampere", "Watt", "Ohm" ],
      "answer": 1
    },
    {
      "question": "Nguyên tố nào là kim loại nhẹ nhất?",
      "choices": [ "Lithium", "Beryllium", "Sodium", "Magnesium" ],
      "answer": 0
    },
    {
      "question": "Khí nào chiếm tỷ lệ lớn nhất trong khí quyển Trái Đất?",
      "choices": [ "Oxy", "Carbon Dioxide", "Nitơ", "Argon" ],
      "answer": 2
    },
    {
      "question": "Ánh sáng di chuyển với vận tốc bao nhiêu trong chân không?",
      "choices": [ "300,000 km/s", "150,000 km/s", "200,000 km/s", "100,000 km/s" ],
      "answer": 0
    },
    {
      "question": "Cấu trúc ADN được phát hiện bởi ai?",
      "choices": [ "Watson và Crick", "Einstein", "Newton", "Galileo" ],
      "answer": 0
    },
    {
      "question": "Thiên hà nào chứa Hệ Mặt Trời?",
      "choices": [ "Thiên hà Tiên Nữ", "Thiên hà Tam Giác", "Ngân Hà", "Thiên hà Xoáy Ốc" ],
      "answer": 2
    },
    {
      "question": "Hành tinh nào được gọi là \"Hành tinh đỏ\"?",
      "choices": [ "Sao Kim", "Sao Hỏa", "Sao Mộc", "Sao Thổ" ],
      "answer": 1
    }
  ]
}
